{
  "USDTRY": {
    "h1": {
      "val": {
        "mae": 0.003998253267643728,
        "rmse": 0.004750091734676911
      },
      "test": {
        "mae": 0.003817582894345125,
        "rmse": 0.004681208395788202
      }
    },
    "h3": {
      "val": {
        "mae": 0.00382619891535876,
        "rmse": 0.005437863937487921
      },
      "test": {
        "mae": 0.002324218752755702,
        "rmse": 0.004649580880355818
      }
    },
    "h7": {
      "val": {
        "mae": 0.0072663644885083145,
        "rmse": 0.01001411337487754
      },
      "test": {
        "mae": 0.004771364864057518,
        "rmse": 0.007418907723253356
      }
    }
  },
  "EURTRY": {
    "h1": {
      "val": {
        "mae": 0.003571369062604676,
        "rmse": 0.004812438818261161
      },
      "test": {
        "mae": 0.004119180121604471,
        "rmse": 0.005653744153752609
      }
    },
    "h3": {
      "val": {
        "mae": 0.0071861236198455655,
        "rmse": 0.00953912929943613
      },
      "test": {
        "mae": 0.007107844474130871,
        "rmse": 0.009595045424290113
      }
    },
    "h7": {
      "val": {
        "mae": 0.01574627509605341,
        "rmse": 0.02176691433909622
      },
      "test": {
        "mae": 0.013477229097317456,
        "rmse": 0.017784148303015192
      }
    }
  },
  "GBPTRY": {
    "h1": {
      "val": {
        "mae": 0.0063132052773498286,
        "rmse": 0.010050019731383095
      },
      "test": {
        "mae": 0.009257584991170477,
        "rmse": 0.012854301413372064
      }
    },
    "h3": {
      "val": {
        "mae": 0.01065107191381362,
        "rmse": 0.013650683645515988
      },
      "test": {
        "mae": 0.0074002405756316645,
        "rmse": 0.010358290519253736
      }
    },
    "h7": {
      "val": {
        "mae": 0.013888355799849147,
        "rmse": 0.017581290688720413
      },
      "test": {
        "mae": 0.011504899957733683,
        "rmse": 0.015075457749950593
      }
    }
  },
  "XAUUSD": {
    "h1": {
      "val": {
        "mae": 0.007652800793981802,
        "rmse": 0.009644270553613308
      },
      "test": {
        "mae": 0.011233201124307606,
        "rmse": 0.016188901903010398
      }
    },
    "h3": {
      "val": {
        "mae": 0.012980716681928375,
        "rmse": 0.01617593581066623
      },
      "test": {
        "mae": 0.020146329472703423,
        "rmse": 0.02697920472710241
      }
    },
    "h7": {
      "val": {
        "mae": 0.021138308723876512,
        "rmse": 0.026893037901473987
      },
      "test": {
        "mae": 0.03752456454572393,
        "rmse": 0.04831099344482176
      }
    }
  },
  "XAGUSD": {
    "h1": {
      "val": {
        "mae": 0.014579834230212372,
        "rmse": 0.019756844029973367
      },
      "test": {
        "mae": 0.03348559981476975,
        "rmse": 0.05238671616729801
      }
    },
    "h3": {
      "val": {
        "mae": 0.026630530672892925,
        "rmse": 0.03349117188919369
      },
      "test": {
        "mae": 0.08212496138882447,
        "rmse": 0.12400979727689707
      }
    },
    "h7": {
      "val": {
        "mae": 0.04100434454240756,
        "rmse": 0.05129944126081649
      },
      "test": {
        "mae": 0.10273776997045957,
        "rmse": 0.1502917896894731
      }
    }
  },
  "BTCUSD": {
    "h1": {
      "val": {
        "mae": 0.022642544359735173,
        "rmse": 0.030553337551124236
      },
      "test": {
        "mae": 0.023293577725877833,
        "rmse": 0.02972239342056768
      }
    },
    "h3": {
      "val": {
        "mae": 0.049982027713268366,
        "rmse": 0.06291696242425544
      },
      "test": {
        "mae": 0.046451528449140474,
        "rmse": 0.05599786337115801
      }
    },
    "h7": {
      "val": {
        "mae": 0.08693444670970554,
        "rmse": 0.106774573453259
      },
      "test": {
        "mae": 0.08089339685392975,
        "rmse": 0.09393680348867284
      }
    }
  },
  "ETHUSD": {
    "h1": {
      "val": {
        "mae": 0.02447808359445096,
        "rmse": 0.03400609972743755
      },
      "test": {
        "mae": 0.0283113102777283,
        "rmse": 0.04071714093699193
      }
    },
    "h3": {
      "val": {
        "mae": 0.046101984586770485,
        "rmse": 0.05996167241776842
      },
      "test": {
        "mae": 0.05172170423536304,
        "rmse": 0.06953021528522767
      }
    },
    "h7": {
      "val": {
        "mae": 0.07436465014116786,
        "rmse": 0.09406211019087156
      },
      "test": {
        "mae": 0.08436368666623557,
        "rmse": 0.10966491173529991
      }
    }
  }
}