{
  "low": 0.020344298005076297,
  "high": 0.0342368823239671
}