{
  "low": 0.028796827871964054,
  "high": 0.04635947329323913
}