{
  "low": 0.00533617711549196,
  "high": 0.008590972842379281
}