{
  "low": 0.005949361344602949,
  "high": 0.009426834866173288
}