{
  "low": 0.0049723609511205386,
  "high": 0.00801378349510463
}