{
  "low": 0.012528963504754125,
  "high": 0.01927772382477204
}