{
  "low": 0.0072409243252106875,
  "high": 0.010602006089769196
}